CLAVE;DESCRIPCION;UNIDAD;CANTIDAD;P.U.;IMPORTE;%;FAMILIA;tipo
10050;PASA® DESMOLDANTE LIQUIDO 200 lts;tambo;224,28;$17.936,30;$4.022.753,36;0,73%;;
100889;Kit contra caídas con arnés de tres anillos, Truper;pza;1.401,75;$975,00;$1.366.706,25;0,25%;;
101257;Casco de seguridad ventilado, ajuste de matraca, amarillo;pza;1.401,75;$85,00;$119.148,75;0,02%;;
102802;Pintura en aerosol, rojo seguridad, bote tradicional, 400 ml ;pza;2.803,50;$43,00;$120.550,50;0,02%;;
10350;PASA® Bond 200 lts;tambo;112,14;$17.461,54;$1.958.137,10;0,35%;;
12338;Barboquejo con barbilla para casco de seguridad industrial;pza;1.401,75;$18,00;$25.231,50;0,00%;;
13877;"Rodillo para pintar, felpa 9 x 3/4"", semi rugosa.";pza;560,7;$40,00;$22.428,00;0,00%;;
13884;"Repuesto para rodillo, felpa 9 x 3/4""";pza;560,7;$22,00;$12.335,40;0,00%;;
14193;Fumigador de 20 lts manual de mochila, Truper.;pza;56,07;$1.190,00;$66.723,30;0,01%;;
14439;Arnés de cuerpo completo con 5 anillos, ansi, Truper;pza;112,14;$525,00;$58.873,50;0,01%;;
17041;Línea de vida con absorbedor de impacto, doble brazo, ansi;pza;112,14;$875,00;$98.122,50;0,02%;;
17069;Plomada de latón 24 oz con centro y guía magnética, Truper;pza;280,35;$375,00;$105.131,25;0,02%;;
184071;"PALA CUADRADA PUÑO ""Y"" PLAST";pza;560,7;$157,51;$88.315,86;0,02%;;
239410;ESPATULA FLEX MGO MADERA 3;pza;7.849,80;$53,68;$421.377,26;0,08%;;
239615;"BARRETA 1""X150";pza;897,12;$590,59;$529.830,10;0,10%;;herr
29976;Guantes de carnaza y loneta, unitalla Pretul.;pza;672,84;$42,00;$28.259,28;0,01%;;
301-ARE-0101;ARENA DE MINA;m3;3.519,32;$228,57;$804.409,97;0,15%;;material
301-GRA-0401;"GRAVA DE MINA T.M.A. 19 mm Ø (3/4""), m3";m3;432,865584;$314,29;$136.045,32;0,02%;;material
301-TEP-0105;TEPEZIL, m3;m3;3.343,92;$630,00;$2.106.671,49;0,38%;;material
302-CAL-0102;CALHIDRA, ton;ton;26,167022;$3.880,00;$101.528,05;0,02%;;material
302-CEM-0102;CEMENTO (GRIS) PORTLAND TIPO II PUZOLÁNICO, ton;ton;194,155617;$4.760,00;$924.180,74;0,17%;;material
302-MOR-0101;MORTERO, ton;ton;994,322054;$4.200,00;$4.176.152,63;0,75%;;material
303-ARF-0201;VARILLA R-42 DEL No 3, (3/8 Ø), kg, 0.557 kg/m;kg;735.102,25;$16,00;$11.761.635,97;2,12%;ACERO;material
303-ARF-0301;VARILLA R-42 DEL No 4, (1/2 Ø), kg, 0.996 kg/m;kg;214.849,15;$16,00;$3.437.586,43;0,62%;ACERO;material
303-ARF-0401;VARILLA R-42 DEL No 5, (5/8 Ø), kg, 1.557 kg/m;kg;135.487,37;$16,00;$2.167.797,92;0,39%;ACERO;material
303-ARF-0901;"ALAMBRÓN DEL No 2, (1/4"" Ø), kg, 0.248 kg/m";kg;77.197,13;$19,00;$1.466.745,53;0,26%;ACERO;material
303-ARF-1101;ALAMBRE RECOCIDO CAL.16 (1.59 mm Ø), kg, 0.016 kg/m;kg;134.083,05;$25,20;$3.378.892,94;0,61%;ACERO;material
303-ARF-2001;ARMEX 12 x 12-4, m;m;8.138,24;$26,00;$211.594,24;0,04%;ACERO;material
303-ARF-2601;MALLA ELECTROSOLDADA 6x6/4-4, m2 (2.50 x 40.00 m).;m2;261.365,94;$52,06;$13.606.710,84;2,45%;ACERO;material
303-ARF-2901;MALLA ELECTROSOLDADA 6x6/10-10, m2 (2.50 x 40.00 m).;m2;166,496;$19,27;$3.208,38;0,00%;ACERO;material
304-POL-0101;POLIETILENO DE ALTA DENSIDAD;m2;22.292,82;$14,00;$312.099,48;0,06%;;
304-VAR-0101;HILO CAÑAMO ROLLO DE 100 m;pza;18,69511;$55,00;$1.028,23;0,00%;;
305-CLA-1301;"CLAVOS PARA MADERA DE 2 1/2"" (260 pzas/kg) CAJA DE 25 kg.";kg;523,729727;$55,00;$28.805,13;0,01%;;
305-CLA-1401;"CLAVOS PARA MADERA DE 4"" (77 pzas/kg) CAJA DE 25 kg.";kg;459,729727;$55,00;$25.285,13;0,00%;;
305-CLA-1504;"CLAVOS PARA CONCRETO DE 2 1/2"" (143 pzas/kg) CAJA DE 20 kg.";kg;2,2704;$85,00;$192,98;0,00%;;
305-M3A-0101;"DUELA DE PINO DE 3a, 3/4"" x 4"" x 8' (19 mm x 0.10 x 2.44 m)";pza;7.853,00;$75,00;$588.974,64;0,11%;;
305-M3A-0201;"BARROTE DE PINO DE 3a, 1 1/2"" x 3 1/2"" x 8'";pza;1.529,86;$150,00;$229.479,40;0,04%;;
305-M3A-0301;"POLÍN DE PINO DE 3a, 3 1/2"" x 3 1/2"" x 8'";pza;688,1152;$129,00;$88.766,86;0,02%;;
305-M3A-0401;"CHAFLÁN DE PINO DE 1"" x 1"" x 8'";pza;259,04;$17,00;$4.403,68;0,00%;;
305-M3A-0503;TRIPLAY DE PINO P/CIMBRA DE 16 mm, HOJA DE 1.22 x 2.44 m;pza;21,58658;$733,20;$15.827,28;0,00%;;
307-CON-0204;CONCRETO PREMEZCLADO F'c=250 kg/cm2, CLASE 2;m3;30.699,00;$2.341,72;$71.888.468,43;12,97%;;
307-CON-0401;BOMBEO DE CONCRETO;m3;30.699,00;$200,00;$6.139.800,53;1,11%;;
310-BCK-0101;BLOCK DE CONCRETO HUECO DE 10 x 20 x 40 cm;pza;167.814,40;$14,90;$2.500.434,56;0,45%;;
310-TAB-0202;TABIQUE ROJO RECOCIDO DE 6 x 13 x 26 cm;mill;140,5952;$3.800,00;$534.261,76;0,10%;;
319-FES-0261;HIDROPRIMER (CUBETA 19 lts);cubeta;16,84224;$2.598,00;$43.756,14;0,01%;;
319-FES-0265;VAPORTITE 550 (CUBETA 19 lts);cubeta;134,73664;$3.299,00;$444.496,18;0,08%;;
359-CMB-0101;DIESEL;lt;14.835,99;$26,89;$398.939,75;0,07%;;insumo
44491;Cuerda polipropileno 3/4, 198 mts aproximado, 30 kg.;rollo;56,07;$2.670,00;$149.706,90;0,03%;;
495301;"KOLOR RODILLO MICROFIBRA 9"" X 3/8""";pza;841,05;$76,50;$64.340,33;0,01%;;
730122;CARRETILLA 5.5FT, SUPER REFORZADA;pza;112,14;$1.640,29;$183.942,12;0,03%;;
78401X;"3"" BROCHA MULTIPROPOSITO";pza;1.682,10;$29,00;$48.780,90;0,01%;;
AC300;ALINEADOR DE CIMBRA;pza;302.778,00;$3,18;$962.834,04;0,17%;;
CFLX_TP-1071;Tornillos de sujeción para sanitario de acero tropicalizado.;pza;1.008,00;$18,25;$18.396,00;0,00%;;
DICA_3401CV;Llave de control angular de latón de 1/4 de vuelta;pza;5.040,00;$76,80;$387.072,00;0,07%;;
DICA_3730CB;Céspol con bote y contra canasta para fregadero;pza;1.008,00;$242,00;$243.936,00;0,04%;;
DICA_4135TAC;Manguera de 35 cm para W.C.;pza;1.008,00;$64,70;$65.217,60;0,01%;;
DICA_4140TAC;Manguera de 40 cm para lavabo;pza;4.032,00;$62,40;$251.596,80;0,05%;;
DICA_4539;REGADERA C/BRAZO Y CHAPETON DICA 4539;pza;1.008,00;$175,00;$176.400,00;0,03%;;
DICA_CC02;Cuello de cera para W.C.;pza;1.008,00;$44,90;$45.259,20;0,01%;;
DICA_QDG-CR;JGO MANERAL P/REG CON CHAPETON DICA QDG CR;jgo;1.008,00;$157,92;$159.183,36;0,03%;;
DS250;DISCO SEPARADOR;pza;201.852,00;$7,74;$1.562.334,48;0,28%;;
FD14155;"FUNDA PARA CORBATA 15 x 5-1/4""";pza;813.015,00;$1,79;$1.455.296,85;0,26%;;
FMET;FIBRA METÁLICA GRANDE;pza;2.803,50;$13,70;$38.407,95;0,01%;;
HERRVDMX-20;"Suministro y fabricación de tapa y contramarco de 40 x 60 cm, medidas interiores a base de ángulo de 1 1/2"" y ángulo de 1 1/4"" y bayonetas con varilla de 3/8"". Incluye: galvanizado por inmersión en caliente, materiales, mano de obra, herramienta y equipo.";pza;896;$928,00;$831.488,00;0,15%;;
ID_2861;Somerset Velvet White 15x50;m2;5.908,90;$169,01;$998.662,51;0,18%;;
ID_29;Boquilla sin arena Blanca saco 5 kg, Interceramic;saco;3.581,02;$190,00;$680.393,35;0,12%;;
ID_8568;Altamura Sabbia 40x40;m2;10.653,20;$139,00;$1.480.794,80;0,27%;;
ID_9;Adhesivo Select Piso saco 20 Kg Interceramic;saco;7.917,16;$149,00;$1.179.656,84;0,21%;;
MAN-5/8R;"Manguera reforzada en rollo de 100 m, diámetro 5/8"" Truper Classic.";pza;56,07;$1.600,00;$89.712,00;0,02%;;
MAT_PL2;PL2 PLAFÓN DE TABLA-CEMENTO.;m2;2.096,64;$348,00;$729.630,72;0,13%;;
MATS_ELEC-ACOMS;Suministro de materiales para áreas comunes de torre de departamentos.;lote;21,333312;$55.181,30;$1.177.199,89;0,21%;;
MATS_ELEC-DEPTO;Materiales para departamento en BAJA TENSIÓN;lote;1.008,00;$17.357,45;$17.496.309,60;3,16%;;
MBF06ZB;BOILER GAS LP 1 SERVICIO MIRAGE;pza;1.024,00;$2.782,86;$2.849.648,64;0,51%;;
MELYKEN;LAVADERO DE 45 X 50 cm;pza;1.024,00;$250,00;$256.000,00;0,05%;;
MO_PL2;PL2 PLAFÓN DE TABLA-CEMENTO.;m2;2.096,64;$120,00;$251.596,80;0,05%;;
NBM2012;NOVABLOCK MULTIPERFORADO (12);pza;71.413,44;$13,97;$997.645,76;0,18%;;
P-B9030;"Chupón universal 4 en 1 para descarga de 2""";pza;2.016,00;$22,00;$44.352,00;0,01%;;
RPD-275;PIE DERECHO 1.51 A 2.75 m;pza;1.333,33;$1.636,33;$2.181.773,32;0,39%;;
SKU 110269;POMO GAMMA RECÁMARA ACERO INOXIDABLE;pza;4.032,00;$181,00;$729.792,00;0,13%;;
SKU 116600;PUERTA PARA EXTERIOR LISA 213 X 80 CM;pza;1.008,00;$1.615,00;$1.627.920,00;0,29%;;
SKU 122166;SELLADOR DURETAN BLANCO CARTUCHO 300 ML;Cart;4.536,00;$132,00;$598.752,00;0,11%;;
SKU 127548;MÉNSULA REFORZADA GRANDE NEGRO 40X46 CM;pza;2.016,00;$235,00;$473.760,00;0,09%;;
SKU 143373;POMO TULIP ENTRADA NS;pza;1.008,00;$258,00;$260.064,00;0,05%;;
SKU 144734;MARCO PARA PUERTA BLANCO ACERO 80 X 213 CM;pza;1.008,00;$469,00;$472.752,00;0,09%;;
SKU 147417;VENTANA GUILLOTINA BLANCA 60 X 100 CM (ANCHOXALTO);pza;1.008,00;$905,00;$912.240,00;0,16%;;
SKU 218551;LLAVE INDIVIDUAL PARA LAVABO;pza;1.008,00;$205,00;$206.640,00;0,04%;;
SKU 363870;BISAGRA CABEZA PLANA 3 X 2 PULGADAS PLATA 2 PIEZAS;jgo;1.008,00;$74,00;$74.592,00;0,01%;;
SKU 474547;LAVABO EMPOTRABLE COSMOS BLANCO DICA;pza;1.008,00;$699,00;$704.592,00;0,13%;;
SKU 590614;PUERTA DE TAMBOR INTERIOR 6 PANELES BLANCO 2.13 M X 75 X 3.5 CM;pza;1.008,00;$1.299,00;$1.309.392,00;0,24%;;
SKU 685726;PUERTA DE TAMBOR INTERIOR 6 PANELES BLANCO 2.13 M X 80 X 3.5 CM;pza;3.024,00;$1.299,00;$3.928.176,00;0,71%;;
SKU 700268;MARCO BLANCO 2.4CM X 6CM X 218 CM;pza;4.032,00;$399,00;$1.608.768,00;0,29%;;
SKU 743393;TARJA EB 1T ESC IZQ EMP 80X52 M101;pza;1.008,00;$1.349,00;$1.359.792,00;0,25%;;
SKU 776670;MEZCLADORA PARA BAÑO DUOMANDO 4 PULGADAS METAL;pza;1.008,00;$349,00;$351.792,00;0,06%;;
SKU 828033;5 TAQUETES PLÁSTICO TORNILLOS5/16PULGADA GRIS;pqte;1.008,00;$20,00;$20.160,00;0,00%;;
SKU 887646;BISAGRA DE CABEZA MEDIA BOLA 3 X 3 PULGADAS PLATA;jgo;6.048,00;$46,00;$278.208,00;0,05%;;
SKU 982731;VENTANA CORREDIZA CON PROTECTOR BLANCA 60 X 60 CM (ANCHOXALTO);pza;1.008,00;$1.500,00;$1.512.000,00;0,27%;;
SKU 982766;VENTANA CORREDIZA CON PROTECTOR BLANCA 120 X 120 CM (ANCHOXALTO);pza;3.024,00;$1.750,00;$5.292.000,00;0,95%;;
SM100;SILLETA PARA MALLA;pza;224.280,00;$4,26;$955.432,80;0,17%;;
SUB-CCC-AMB_01;Plastimuro en plafones de molde, en acabado floteado fino, incluye 1 mano de sellador con color y 2 manos de pintura vinil acrílica mate lavable como acabado final y todo lo necesario para su aplicación en PLAFONES INTERIORES DE DEPARTAMENTOS.;m2;74.268,00;$140,00;$10.397.520,00;1,88%;;
SUB-CCC-AMB_02;Plastimuro en muros de molde, incluye aplicación de 2 manos de Coverfino para dejar una superficie lisa con corrección de detalles lijado de la superficie, aplicación de sellador con color y dos manos de pintura vinil acrilica satinada en color por aprobar, material, mano de obra y todo lo necesario para su aplicación en MUROS INTERIORES.;m2;143.829,80;$160,00;$23.012.768,00;4,15%;;
SUB-CRI_P1 IMP;Suministro y aplicación de impermeabilizante en losa a base de Master Lasser 3.5 mm FP gravillaso VERDE es un sistema de impermeabilización prefabricado, consiste en una membrana multicapa elaborada a base de asfaltos modificados un refuerzo central de fibra de poliester, acabado granular, son de lartga vida resistiendo mucho mas al intemperismo, son de facil aplicación, se adhiere por fusión térmica a cualquier techo o sustrato, es flexible por lo que se puede colocar en cualquier superficie lográndose total seguridad a lo largo de todas sus uniones y remates pues quedan prácticamente soldadas, obteniéndose así una total impermeabilidad.;m2;18.576,60;$261,00;$4.848.492,60;0,87%;;
SUB-MO_ACOMS-BT;Mano de obra para trabajos en áreas comunes de torre de departamentos.;lote;21,333312;$25.475,26;$543.471,67;0,10%;;
SUB-MO_ELEC-BT;Mano de obra para trabajos eléctricos en Baja Tensión para departamentos.;lote;1.008,00;$16.953,20;$17.088.825,60;3,08%;;
SUB-PAMG_002;Registros sanitarios de 60 x 40 cm, incluye: elaboración, suministro y colocación.;pza;320;$1.000,00;$320.000,00;0,06%;;
SUB-PAMG_003;Barandal para escalera, incluye: elaboración, suministro y colocación.;m;3.545,60;$1.624,00;$5.758.054,40;1,04%;;
SUB-PRY_001;Cálculo estructural.;pqte;1.008,00;$150,00;$151.200,00;0,03%;;
SUB-PRY_004;Realización de los trabajos de ingeniería básica para el levantamiento topográfico de un terreno.;pqte;1.008,00;$446,00;$449.568,00;0,08%;;
SUB-RR_DSAA-01;"Instalación de desagüe para clima con ducto de 3"".";sal;2.016,00;$1.350,00;$2.721.600,00;0,49%;;
SUB-RR_HDRS-01;Instalación y colocación de WC.;sal;1.008,00;$2.220,00;$2.237.760,00;0,40%;;
SUB-RR_HDRS-02;Instalación y colocación de WC.;sal;1.008,00;$2.220,00;$2.237.760,00;0,40%;;
SUB-RR_HDRS-03;Instalación y colocación de regadera.;sal;1.008,00;$2.600,00;$2.620.800,00;0,47%;;
SUB-RR_HDRS-04;Instalación y colocación de fregadero.;sal;1.008,00;$2.400,00;$2.419.200,00;0,44%;;
SUB-RR_HDRS-05;Instalación de lavadero.;sal;1.008,00;$2.450,00;$2.469.600,00;0,45%;;
SUB-RR_HDRS-07;Instalación y colocación de calentador.;sal;1.008,00;$2.510,00;$2.530.080,00;0,46%;;
SUB-RR_HDRS-08;Instalación de cespol bote en patio de servicio.;sal;1.008,00;$970,00;$977.760,00;0,18%;;
SUB-RR_HDRS-09;Instalación de cespol bote extra en baños.;sal;1.008,00;$970,00;$977.760,00;0,18%;;
SUB-RR_HDRS-10;Instalación bajante de aguas negras.;sal;2.016,00;$1.284,00;$2.588.544,00;0,47%;;
SUB-RR_HDRS-11;Instalación bajante de agua pluvial.;sal;1.008,00;$1.284,00;$1.294.272,00;0,23%;;
SUB-RR_IGAS-03;Instalación linea gas para alimentación boiler y estufa departamento.;sal;2.048,00;$1.800,00;$3.686.400,00;0,66%;;
SUB-RR_RDPL-01;"Instalación red de aguas negras en planta baja para edificio tub. 6"".";sal;83,999916;$25.200,00;$2.116.797,88;0,38%;;
SUB-RR_RDPL-02;"Instalación red de agua pluvial en planta baja para edificio tub. 6"".";sal;83,999916;$26.200,00;$2.200.797,80;0,40%;;
SUB-RR_RDPL-03;Instalación de bajantes de aguas pluviales para alimentar balcones de edificio.;serv;79;$8.800,00;$695.200,00;0,13%;;
SUB-RR_RHDR-01;Instalación acometida agua directa.;sal;1.008,00;$3.050,00;$3.074.400,00;0,55%;;
SUB-RR_RHDR-03;Instalación de red de agua para azotea edificio.;sal;32;$16.700,00;$534.400,00;0,10%;;
SUB-RR_RHDR-05;"Instalación columna de agua 1-1/2"" para departamento.";sal;335,999664;$11.000,00;$3.695.996,30;0,67%;;
SUB-RR_RHDR-06;Instalación válvula control departamento sin medidor;sal;1.008,00;$540,00;$544.320,00;0,10%;;
SYS-002015-1;Espátula 2-1/2 rigida de 5 usos.;pza;841,05;$69,00;$58.032,45;0,01%;;
SYS-002015-2;Clavo galvanizado para concreto.;Caja;112,14;$1.575,00;$176.620,50;0,03%;;
SYS-002015-3;Cinta de empaque canela, 50 m.;pza;8.074,08;$20,00;$161.481,60;0,03%;;
WC.4006.01;Sanitario One Piece alargado;pza;1.008,00;$1.765,00;$1.779.120,00;0,32%;;
X004A0002218;CESPOL P/LV FLEXIBLE PVC FLEXIMATIC 2218;pza;1.008,00;$66,00;$66.528,00;0,01%;;
MOCA-001;Peón1;jor;33.006,45;$470,00;$15.513.033,29;2,80%;personal;
MOCA-002;Ayudante general;jor;62.887,09;$470,00;$29.556.930,39;5,33%;personal;
MOCA-003;Cadenero;jor;124,640298;$470,00;$58.580,94;0,01%;personal;
MOCA-005;Velador;jor;1.536,02;$333,33;$512.000,00;0,09%;personal;
MOCA-006;Ayudante de limpieza;jor;2.304,02;$333,33;$768.000,00;0,14%;personal;
MOCA-013;Cabo de oficios;jor;7.633,55;$1.000,00;$7.633.552,98;1,38%;personal;
MOCA-014;Albañil;jor;17.038,96;$800,00;$13.631.167,94;2,46%;personal;
MOCA-018;Carpintero obra negra;jor;534,071611;$850,00;$453.960,87;0,08%;personal;
MOCA-021;Colocador;jor;30.319,54;$800,00;$24.255.633,92;4,38%;personal;
MOCA-027;Fierrero;jor;19.932,97;$750,00;$14.949.728,92;2,70%;personal;
MOCA-032;Topógrafo;jor;124,640298;$1.000,00;$124.640,30;0,02%;personal;
FACHEME;Herramienta menor;(%)mo;0,03;$106.177.229,55;$3.185.316,89;0,57%;;
HESEG-001;Porcentaje de equipo de seguridad;(%)mo;0,02;$106.177.229,55;$2.123.544,59;0,38%;;
AMAIN-001;Revolvedora para concreto marca Cipsa modelo R10 de un saco tipo trompo, cap. 5 m3/hr, motor a gasolina marca Kohler de 8 HP, con reductor, montada sobre ruedas tipo B78X-13, peso de la máquina con motor 363 kg.;hora;334,761921;$91,39;$30.593,89;0,01%;;
AMALI-017;"Vibrador de gasolina marca Felsa modelo vibromax cap. 12000 VPM, con manguera  de 4.00 mts, y cabezal de  por 38 mm ( 1 1/2""), con motor de gasolina de 4 H. P.";hr;14.957,73;$117,77;$1.761.572,30;0,32%;;
AMAPE-325;Estación Total SOKKIA SET 620K precisión 6 segundos, resolución en pantalla 1 segundo, alcance con tarjeta reflectora  150 metros, alcance con 1 prismas 3,000 metros, alcance con 3 prismas  4000 metros, precisión en distancia ( +/- 2 ppm x d ) mm, aumentos del visor 26x, enfoque mínimo 1.3 metros, plomada óptica 3x, precisión en plomada óptica 0.1 mm, puerto de salida rs-232, compensador doble eje, pantalla lcd una, resistente a lluvia y polvo si (ip66), memoria interna 10,000 puntos, peso 5.2 kg, base nivelante tipo tribach;hr;934,7555;$47,29;$44.204,59;0,01%;;
RTA.DEMOLED;RENTA DE DEMOLEDOR 11 KILOS;hr;8.971,20;$87,00;$780.494,40;0,14%;;
RTA.KARCHER;RENTA DE CARCHER INDUSTRIAL;hr;13.456,80;$49,30;$663.420,24;0,12%;;
VC6K6 ANT;VIBRADOR VEKCER CONCRETO C/ KOHLER 6.5 HP VC6K6 ANTARIX;pza;56,07;$17.750,94;$995.295,21;0,18%;;
PREL-06;SUMINISTRO DE MOLDE Y ACCESORIOS PARA EDIFICIO DE DEPARTAMENTOS;lote;0,999999;$12.196.657,18;$12.196.644,98;2,20%;;
SUB-URB01;PRELIMINARES;m2;1;$6.470.133,39;$6.470.133,39;1,17%;;
SUB-URB02;CORTES Y RELLENOS PLATAFORMA;m2;1;$14.542.551,56;$14.542.551,56;2,62%;;
SUB-URB03;RELLENOS PARA ESTRUCTURA;m2;1;$3.270.053,76;$3.270.053,76;0,59%;;
SUB-URB04;TANQUE ELEVADO;m2;1;$8.069.450,51;$8.069.450,51;1,46%;;
SUB-URB05;PLANTA DE TRATAMIENTO;m2;1;$15.493.344,96;$15.493.344,96;2,79%;;
SUB-URB06;DRENAJE PLUVIAL;m2;1;$9.252.107,60;$9.252.107,60;1,67%;;
SUB-URB07;DRENAJE SANITARIO;m2;1;$7.436.538,12;$7.436.538,12;1,34%;;
SUB-URB08;AGUA POTABLE;m2;1;$8.333.682,76;$8.333.682,76;1,50%;;
SUB-URB09;ELECTRIFICACIÓN BAJA TENSIÓN;m2;1;$3.873.336,24;$3.873.336,24;0,70%;;
SUB-URB10;ELECTRIFICACIÓN MEDIA TENSIÓN;m2;1;$12.911.120,80;$12.911.120,80;2,33%;;
SUB-URB11;ALUMBRADO PÚBLICO;m2;1;$4.118.277,98;$4.118.277,98;0,74%;;
SUB-URB12;FIBRA ÓPTICA Y TELEFONÍA;m2;1;$3.244.425,28;$3.244.425,28;0,59%;;
SUB-URB13;BASE Y SUBBASE;m2;1;$5.276.820,30;$5.276.820,30;0,95%;;
SUB-URB14;PAVIMENTO DE CONCRETO;m2;1;$7.683.080,32;$7.683.080,32;1,39%;;
SUB-URB15;CARPETA ASFÁLTICA;m2;2;$5.074.872,50;$10.149.745,00;1,83%;;
SUB-URB16;BANQUETAS Y GUARNICIONES ;m2;1;$4.292.604,31;$4.292.604,31;0,77%;;
;;;;;;;;
;;;;;$554.397.218,41;;;
